Generate the report at 2026-08-13T18:07:32, GitVersion: aa25008b3778a76ae1975c839d4cc459f7f7b3b7.
+------------------------------------------------------------------------+--------------------------+------------+------------+---------------+-------+--------+-----------+
| Endpoint                                                               | Clock Group              | Delay Type | Path Delay | Path Required | CPPR  | Slack  | Freq(MHz) |
+------------------------------------------------------------------------+--------------------------+------------+------------+---------------+-------+--------+-----------+
| CSR_MCYCLEH_31__reg_p:D                                                | core_clock               | max        | 1.158r     | 0.943         | 0.000 | -0.215 | 822.763   |
| CSR_MCYCLE_29__reg_p:D                                                 | core_clock               | max        | 1.107f     | 0.925         | 0.000 | -0.182 | 846.166   |
| CSR_MCYCLE_30__reg_p:D                                                 | core_clock               | max        | 1.108f     | 0.930         | 0.000 | -0.178 | 848.634   |
| CSR_MCYCLE_31__reg_p:D                                                 | core_clock               | max        | 1.130r     | 0.954         | 0.000 | -0.176 | 850.533   |
| CSR_MCYCLEH_31__reg_p:D                                                | core_clock               | max        | 1.089f     | 0.919         | 0.000 | -0.170 | 854.372   |
| CSR_MCYCLE_31__reg_p_D_MUX2X0P5H7L_Y_S0_AND3X1P4H7L_C_Y_ICGX0P5H7L_E:E | **clock_gating_default** | max        | 1.154r     | 0.900         | 0.000 | -0.255 | NA        |
| CSR_MCYCLE_31__reg_p_D_MUX2X0P5H7L_Y_S0_AND3X1P4H7L_C_Y_ICGX0P5H7L_E:E | **clock_gating_default** | max        | 0.650f     | 0.942         | 0.000 | 0.292  | NA        |
| CSR_MCYCLEH_26__reg_p:D                                                | core_clock               | min        | 0.198f     | -0.014        | 0.000 | 0.212  | NA        |
| CSR_MCYCLEH_21__reg_p:D                                                | core_clock               | min        | 0.201f     | -0.014        | 0.000 | 0.215  | NA        |
| CSR_MCYCLEH_31__reg_p:D                                                | core_clock               | min        | 0.199f     | -0.015        | 0.000 | 0.215  | NA        |
| CSR_MCYCLEH_20__reg_p:D                                                | core_clock               | min        | 0.201f     | -0.014        | 0.000 | 0.215  | NA        |
| CSR_MCYCLEH_27__reg_p:D                                                | core_clock               | min        | 0.202f     | -0.013        | 0.000 | 0.215  | NA        |
| CSR_MCYCLE_31__reg_p_D_MUX2X0P5H7L_Y_S0_AND3X1P4H7L_C_Y_ICGX0P5H7L_E:E | **clock_gating_default** | min        | 0.211f     | -0.005        | 0.000 | 0.217  | NA        |
| CSR_MCYCLE_31__reg_p_D_MUX2X0P5H7L_Y_S0_AND3X1P4H7L_C_Y_ICGX0P5H7L_E:E | **clock_gating_default** | min        | 0.264r     | -0.035        | 0.000 | 0.298  | NA        |
+------------------------------------------------------------------------+--------------------------+------------+------------+---------------+-------+--------+-----------+
+------------+------------+--------+
| Clock      | Delay Type | TNS    |
+------------+------------+--------+
| core_clock | max        | -3.540 |
| core_clock | min        | 0.000  |
+------------+------------+--------+
+---------------------------------------------------------------------------------------+--------+-------------+------------+------------+-------------+--------+-----------------+
| Point                                                                                 | Fanout | Capacitance | Resistance | Transition | Delta Delay | Incr   | Path            |
+---------------------------------------------------------------------------------------+--------+-------------+------------+------------+-------------+--------+-----------------+
| clock (port)                                                                          |        | 0.060       | 0.000      | 0.000      |             | 0.000  | 0.000r          |
| clock (clock net)                                                                     | 38     |             |            |            | NA          |        |                 |
| CSR_MCYCLE_31__reg_p_D_MUX2X0P5H7L_Y_S0_AND3X1P4H7L_C_Y_ICGX0P5H7L_E:CK (ICGX0P5H7L)  |        | 0.002       | 0.000      | 0.000      |             | 0.000  | 0.000r          |
| CSR_MCYCLE_31__reg_p_D_MUX2X0P5H7L_Y_S0_AND3X1P4H7L_C_Y_ICGX0P5H7L_E:ECK (ICGX0P5H7L) |        | 0.029       | 0.000      | 0.000      |             | 0.000  | 0.000r          |
| CSR_MCYCLEH_0__reg_p_CK (clock net)                                                   | 32     |             |            |            | NA          |        |                 |
| CSR_MCYCLEH_0__reg_p:CK (DFFQX1H7L)                                                   |        | 0.001       | 0.000      | 0.000      |             | 0.000  | 0.000r          |
| clock core_clock (rise edge)                                                          |        |             |            |            |             | 0      | 0               |
| clock network delay (ideal)                                                           |        |             |            |            |             | 0.000  | 0.000           |
| CSR_MCYCLEH_0__reg_p:CK (DFFQX1H7L)                                                   |        | 0.001       | 0.000      | 0.000      |             | 0.000  | 0.000r          |
| CSR_MCYCLEH_0__reg_p:Q (DFFQX1H7L)                                                    |        | 0.005       | 0.000      | 0.101      |             | 0.186  | 0.186r          |
| CSR_MCYCLEH_0_ (net)                                                                  | 6      |             |            |            | 0.000       |        |                 |
| CSR_MCYCLEH_3__AND4X1P4H7L_D:A (AND4X1P4H7L)                                          |        | 0.001       | 0.000      | 0.101      |             | 0.000  | 0.186r          |
| CSR_MCYCLEH_3__AND4X1P4H7L_D:Y (AND4X1P4H7L)                                          |        | 0.004       | 0.000      | 0.095      |             | 0.182  | 0.369r          |
| CSR_MCYCLEH_3__AND4X1P4H7L_D_Y (net)                                                  | 5      |             |            |            | 0.000       |        |                 |
| CSR_MCYCLEH_9__AND4X0P5H7L_B:C (AND4X0P5H7L)                                          |        | 0.001       | 0.000      | 0.095      |             | 0.000  | 0.369r          |
| CSR_MCYCLEH_9__AND4X0P5H7L_B:Y (AND4X0P5H7L)                                          |        | 0.001       | 0.000      | 0.060      |             | 0.145  | 0.514r          |
| CSR_MCYCLEH_9__AND4X0P5H7L_B_Y (net)                                                  | 1      |             |            |            | 0.000       |        |                 |
| CSR_MCYCLEH_9__AND4X0P5H7L_B_Y_BUFX3H7L_A:A (BUFX3H7L)                                |        | 0.001       | 0.000      | 0.060      |             | 0.000  | 0.514r          |
| CSR_MCYCLEH_9__AND4X0P5H7L_B_Y_BUFX3H7L_A:Y (BUFX3H7L)                                |        | 0.010       | 0.000      | 0.109      |             | 0.117  | 0.631r          |
| CSR_MCYCLEH_28__NAND4X0P5H7L_A_B (net)                                                | 14     |             |            |            | 0.000       |        |                 |
| CSR_MCYCLEH_28__NAND4X0P5H7L_A:B (NAND4X0P5H7L)                                       |        | 0.001       | 0.000      | 0.109      |             | 0.000  | 0.631r          |
| CSR_MCYCLEH_28__NAND4X0P5H7L_A:Y (NAND4X0P5H7L)                                       |        | 0.004       | 0.000      | 0.293      |             | 0.210  | 0.841f          |
| CSR_MCYCLEH_31__OR4X1P4H7L_C_D (net)                                                  | 5      |             |            |            | 0.000       |        |                 |
| CSR_MCYCLEH_31__OR4X1P4H7L_C:D (OR4X1P4H7L)                                           |        | 0.001       | 0.000      | 0.293      |             | 0.000  | 0.841f          |
| CSR_MCYCLEH_31__OR4X1P4H7L_C:Y (OR4X1P4H7L)                                           |        | 0.001       | 0.000      | 0.070      |             | 0.236  | 1.077f          |
| CSR_MCYCLEH_31__reg_p_D_AOI21X0P5H7L_Y_A1 (net)                                       | 1      |             |            |            | 0.000       |        |                 |
| CSR_MCYCLEH_31__reg_p_D_AOI21X0P5H7L_Y:A1 (AOI21X0P5H7L)                              |        | 0.001       | 0.000      | 0.070      |             | 0.000  | 1.077f          |
| CSR_MCYCLEH_31__reg_p_D_AOI21X0P5H7L_Y:Y (AOI21X0P5H7L)                               |        | 0.001       | 0.000      | 0.078      |             | 0.082  | 1.158r          |
| CSR_MCYCLEH_31__reg_p_D (net)                                                         | 1      |             |            |            | 0.000       |        |                 |
| CSR_MCYCLEH_31__reg_p:D (DFFQX1H7L)                                                   |        | 0.001       | 0.000      | 0.078      |             | 0.000  | 1.158r          |
|                                                                                       |        |             |            |            |             |        |                 |
| clock (port)                                                                          |        | 0.042       | 0.000      | 0.000      |             | 0.000  | 0.000r          |
| clock (clock net)                                                                     | 38     |             |            |            | NA          |        |                 |
| CSR_MCYCLE_31__reg_p_D_MUX2X0P5H7L_Y_S0_AND3X1P4H7L_C_Y_ICGX0P5H7L_E:CK (ICGX0P5H7L)  |        | 0.002       | 0.000      | 0.000      |             | 0.000  | 0.000r          |
| CSR_MCYCLE_31__reg_p_D_MUX2X0P5H7L_Y_S0_AND3X1P4H7L_C_Y_ICGX0P5H7L_E:ECK (ICGX0P5H7L) |        | 0.022       | 0.000      | 0.000      |             | 0.000  | 0.000r          |
| CSR_MCYCLEH_0__reg_p_CK (clock net)                                                   | 32     |             |            |            | NA          |        |                 |
| CSR_MCYCLEH_31__reg_p:CK (DFFQX1H7L)                                                  |        | 0.001       | 0.000      | 0.000      |             | 0.000  | 0.000r          |
| clock core_clock (rise edge)                                                          |        |             |            |            |             | 1      | 1               |
| clock network delay (ideal)                                                           |        |             |            |            |             | 0.000  | 1.000           |
| CSR_MCYCLEH_31__reg_p:CK (DFFQX1H7L)                                                  |        |             |            |            |             |        | 1.000r          |
| library setup time                                                                    |        |             |            |            |             | -0.057 | 0.943           |
| clock reconvergence pessimism                                                         |        |             |            |            |             | 0.000  | 0.943           |
|                                                                                       |        |             |            |            |             |        |                 |
| path cell delay                                                                       |        |             |            |            |             |        | 1.158(100.000%) |
| path net delay                                                                        |        |             |            |            |             |        | 0.000(0.000%)   |
|                                                                                       |        |             |            |            |             |        |                 |
| data require time                                                                     |        |             |            |            |             |        | 0.943           |
| data arrival time                                                                     |        |             |            |            |             |        | 1.158           |
| slack (VIOLATED)                                                                      |        |             |            |            |             |        | -0.215          |
+---------------------------------------------------------------------------------------+--------+-------------+------------+------------+-------------+--------+-----------------+
+----------------------------------------------------------------------------+--------+-------------+------------+------------+-------------+--------+-----------------+
| Point                                                                      | Fanout | Capacitance | Resistance | Transition | Delta Delay | Incr   | Path            |
+----------------------------------------------------------------------------+--------+-------------+------------+------------+-------------+--------+-----------------+
| clock (port)                                                               |        | 0.060       | 0.000      | 0.000      |             | 0.000  | 0.000r          |
| clock (clock net)                                                          | 38     |             |            |            | NA          |        |                 |
| bus_valid_ICGX0P5H7L_E:CK (ICGX0P5H7L)                                     |        | 0.002       | 0.000      | 0.000      |             | 0.000  | 0.000r          |
| bus_valid_ICGX0P5H7L_E:ECK (ICGX0P5H7L)                                    |        | 0.029       | 0.000      | 0.000      |             | 0.000  | 0.000r          |
| CSR_MCYCLE_0__reg_p_CK (clock net)                                         | 32     |             |            |            | NA          |        |                 |
| CSR_MCYCLE_0__reg_p:CK (DFFQX1H7L)                                         |        | 0.001       | 0.000      | 0.000      |             | 0.000  | 0.000r          |
| clock core_clock (rise edge)                                               |        |             |            |            |             | 0      | 0               |
| clock network delay (ideal)                                                |        |             |            |            |             | 0.000  | 0.000           |
| CSR_MCYCLE_0__reg_p:CK (DFFQX1H7L)                                         |        | 0.001       | 0.000      | 0.000      |             | 0.000  | 0.000r          |
| CSR_MCYCLE_0__reg_p:Q (DFFQX1H7L)                                          |        | 0.005       | 0.000      | 0.102      |             | 0.187  | 0.187r          |
| CSR_MCYCLE_0_ (net)                                                        | 6      |             |            |            | 0.000       |        |                 |
| CSR_MCYCLE_3__NAND4X1P4H7L_D:A (NAND4X1P4H7L)                              |        | 0.001       | 0.000      | 0.102      |             | 0.000  | 0.187r          |
| CSR_MCYCLE_3__NAND4X1P4H7L_D:Y (NAND4X1P4H7L)                              |        | 0.004       | 0.000      | 0.182      |             | 0.152  | 0.339f          |
| CSR_MCYCLE_3__NAND4X1P4H7L_D_Y (net)                                       | 5      |             |            |            | 0.000       |        |                 |
| CSR_MCYCLE_11__NAND3X0P5H7L_B_Y_NOR4BX0P5H7L_D:B (NOR4BX0P5H7L)            |        | 0.001       | 0.000      | 0.182      |             | 0.000  | 0.339f          |
| CSR_MCYCLE_11__NAND3X0P5H7L_B_Y_NOR4BX0P5H7L_D:Y (NOR4BX0P5H7L)            |        | 0.001       | 0.000      | 0.191      |             | 0.186  | 0.526r          |
| CSR_MCYCLE_11__NAND3X0P5H7L_B_Y_NOR4BX0P5H7L_D_Y (net)                     | 1      |             |            |            | 0.000       |        |                 |
| CSR_MCYCLE_11__NAND3X0P5H7L_B_Y_NOR4BX0P5H7L_D_Y_BUFX3H7L_A:A (BUFX3H7L)   |        | 0.001       | 0.000      | 0.191      |             | 0.000  | 0.526r          |
| CSR_MCYCLE_11__NAND3X0P5H7L_B_Y_NOR4BX0P5H7L_D_Y_BUFX3H7L_A:Y (BUFX3H7L)   |        | 0.010       | 0.000      | 0.114      |             | 0.156  | 0.682r          |
| CSR_MCYCLE_30__AND2X1H7L_A_B_NOR4BX0P5H7L_Y_AN (net)                       | 14     |             |            |            | 0.000       |        |                 |
| CSR_MCYCLE_30__AND2X1H7L_A_B_NOR4BX0P5H7L_Y_C_NOR3BX3H7L_C:AN (NOR3BX3H7L) |        | 0.001       | 0.000      | 0.114      |             | 0.000  | 0.682r          |
| CSR_MCYCLE_30__AND2X1H7L_A_B_NOR4BX0P5H7L_Y_C_NOR3BX3H7L_C:Y (NOR3BX3H7L)  |        | 0.004       | 0.000      | 0.190      |             | 0.183  | 0.865r          |
| CSR_MCYCLE_24__reg_p_D_NOR2X0P5H7L_Y_B_XNOR2X0P5H7L_Y_B (net)              | 6      |             |            |            | 0.000       |        |                 |
| CSR_MCYCLE_29__reg_p_D_MUX2X0P5H7L_Y_S0_NAND3X0P5H7L_Y:B (NAND3X0P5H7L)    |        | 0.001       | 0.000      | 0.190      |             | 0.000  | 0.865r          |
| CSR_MCYCLE_29__reg_p_D_MUX2X0P5H7L_Y_S0_NAND3X0P5H7L_Y:Y (NAND3X0P5H7L)    |        | 0.002       | 0.000      | 0.127      |             | 0.131  | 0.996f          |
| CSR_MCYCLE_29__reg_p_D_MUX2X0P5H7L_Y_S0 (net)                              | 1      |             |            |            | 0.000       |        |                 |
| CSR_MCYCLE_29__reg_p_D_MUX2X0P5H7L_Y:S0 (MUX2X0P5H7L)                      |        | 0.002       | 0.000      | 0.127      |             | 0.000  | 0.996f          |
| CSR_MCYCLE_29__reg_p_D_MUX2X0P5H7L_Y:Y (MUX2X0P5H7L)                       |        | 0.001       | 0.000      | 0.041      |             | 0.111  | 1.107f          |
| CSR_MCYCLE_29__reg_p_D (net)                                               | 1      |             |            |            | 0.000       |        |                 |
| CSR_MCYCLE_29__reg_p:D (DFFQX1H7L)                                         |        | 0.001       | 0.000      | 0.041      |             | 0.000  | 1.107f          |
|                                                                            |        |             |            |            |             |        |                 |
| clock (port)                                                               |        | 0.042       | 0.000      | 0.000      |             | 0.000  | 0.000r          |
| clock (clock net)                                                          | 38     |             |            |            | NA          |        |                 |
| bus_valid_ICGX0P5H7L_E:CK (ICGX0P5H7L)                                     |        | 0.002       | 0.000      | 0.000      |             | 0.000  | 0.000r          |
| bus_valid_ICGX0P5H7L_E:ECK (ICGX0P5H7L)                                    |        | 0.022       | 0.000      | 0.000      |             | 0.000  | 0.000r          |
| CSR_MCYCLE_0__reg_p_CK (clock net)                                         | 32     |             |            |            | NA          |        |                 |
| CSR_MCYCLE_29__reg_p:CK (DFFQX1H7L)                                        |        | 0.001       | 0.000      | 0.000      |             | 0.000  | 0.000r          |
| clock core_clock (rise edge)                                               |        |             |            |            |             | 1      | 1               |
| clock network delay (ideal)                                                |        |             |            |            |             | 0.000  | 1.000           |
| CSR_MCYCLE_29__reg_p:CK (DFFQX1H7L)                                        |        |             |            |            |             |        | 1.000r          |
| library setup time                                                         |        |             |            |            |             | -0.075 | 0.925           |
| clock reconvergence pessimism                                              |        |             |            |            |             | 0.000  | 0.925           |
|                                                                            |        |             |            |            |             |        |                 |
| path cell delay                                                            |        |             |            |            |             |        | 1.107(100.000%) |
| path net delay                                                             |        |             |            |            |             |        | 0.000(0.000%)   |
|                                                                            |        |             |            |            |             |        |                 |
| data require time                                                          |        |             |            |            |             |        | 0.925           |
| data arrival time                                                          |        |             |            |            |             |        | 1.107           |
| slack (VIOLATED)                                                           |        |             |            |            |             |        | -0.182          |
+----------------------------------------------------------------------------+--------+-------------+------------+------------+-------------+--------+-----------------+
+--------------------------------------------------------------------------+--------+-------------+------------+------------+-------------+--------+-----------------+
| Point                                                                    | Fanout | Capacitance | Resistance | Transition | Delta Delay | Incr   | Path            |
+--------------------------------------------------------------------------+--------+-------------+------------+------------+-------------+--------+-----------------+
| clock (port)                                                             |        | 0.060       | 0.000      | 0.000      |             | 0.000  | 0.000r          |
| clock (clock net)                                                        | 38     |             |            |            | NA          |        |                 |
| bus_valid_ICGX0P5H7L_E:CK (ICGX0P5H7L)                                   |        | 0.002       | 0.000      | 0.000      |             | 0.000  | 0.000r          |
| bus_valid_ICGX0P5H7L_E:ECK (ICGX0P5H7L)                                  |        | 0.029       | 0.000      | 0.000      |             | 0.000  | 0.000r          |
| CSR_MCYCLE_0__reg_p_CK (clock net)                                       | 32     |             |            |            | NA          |        |                 |
| CSR_MCYCLE_0__reg_p:CK (DFFQX1H7L)                                       |        | 0.001       | 0.000      | 0.000      |             | 0.000  | 0.000r          |
| clock core_clock (rise edge)                                             |        |             |            |            |             | 0      | 0               |
| clock network delay (ideal)                                              |        |             |            |            |             | 0.000  | 0.000           |
| CSR_MCYCLE_0__reg_p:CK (DFFQX1H7L)                                       |        | 0.001       | 0.000      | 0.000      |             | 0.000  | 0.000r          |
| CSR_MCYCLE_0__reg_p:Q (DFFQX1H7L)                                        |        | 0.005       | 0.000      | 0.102      |             | 0.187  | 0.187r          |
| CSR_MCYCLE_0_ (net)                                                      | 6      |             |            |            | 0.000       |        |                 |
| CSR_MCYCLE_3__NAND4X1P4H7L_D:A (NAND4X1P4H7L)                            |        | 0.001       | 0.000      | 0.102      |             | 0.000  | 0.187r          |
| CSR_MCYCLE_3__NAND4X1P4H7L_D:Y (NAND4X1P4H7L)                            |        | 0.004       | 0.000      | 0.182      |             | 0.152  | 0.339f          |
| CSR_MCYCLE_3__NAND4X1P4H7L_D_Y (net)                                     | 5      |             |            |            | 0.000       |        |                 |
| CSR_MCYCLE_11__NAND3X0P5H7L_B_Y_NOR4BX0P5H7L_D:B (NOR4BX0P5H7L)          |        | 0.001       | 0.000      | 0.182      |             | 0.000  | 0.339f          |
| CSR_MCYCLE_11__NAND3X0P5H7L_B_Y_NOR4BX0P5H7L_D:Y (NOR4BX0P5H7L)          |        | 0.001       | 0.000      | 0.191      |             | 0.186  | 0.526r          |
| CSR_MCYCLE_11__NAND3X0P5H7L_B_Y_NOR4BX0P5H7L_D_Y (net)                   | 1      |             |            |            | 0.000       |        |                 |
| CSR_MCYCLE_11__NAND3X0P5H7L_B_Y_NOR4BX0P5H7L_D_Y_BUFX3H7L_A:A (BUFX3H7L) |        | 0.001       | 0.000      | 0.191      |             | 0.000  | 0.526r          |
| CSR_MCYCLE_11__NAND3X0P5H7L_B_Y_NOR4BX0P5H7L_D_Y_BUFX3H7L_A:Y (BUFX3H7L) |        | 0.010       | 0.000      | 0.114      |             | 0.156  | 0.682r          |
| CSR_MCYCLE_30__AND2X1H7L_A_B_NOR4BX0P5H7L_Y_AN (net)                     | 14     |             |            |            | 0.000       |        |                 |
| CSR_MCYCLE_30__AND2X1H7L_A_B_NOR4BX0P5H7L_Y:AN (NOR4BX0P5H7L)            |        | 0.001       | 0.000      | 0.114      |             | 0.000  | 0.682r          |
| CSR_MCYCLE_30__AND2X1H7L_A_B_NOR4BX0P5H7L_Y:Y (NOR4BX0P5H7L)             |        | 0.001       | 0.000      | 0.268      |             | 0.234  | 0.916r          |
| CSR_MCYCLE_30__AND2X1H7L_A_B (net)                                       | 2      |             |            |            | 0.000       |        |                 |
| CSR_MCYCLE_30__XNOR2X0P5H7L_A:B (XNOR2X0P5H7L)                           |        | 0.001       | 0.000      | 0.268      |             | 0.000  | 0.916r          |
| CSR_MCYCLE_30__XNOR2X0P5H7L_A:Y (XNOR2X0P5H7L)                           |        | 0.001       | 0.000      | 0.048      |             | 0.160  | 1.076r          |
| CSR_MCYCLE_30__reg_p_D_NOR2X0P5H7L_Y_B (net)                             | 1      |             |            |            | 0.000       |        |                 |
| CSR_MCYCLE_30__reg_p_D_NOR2X0P5H7L_Y:B (NOR2X0P5H7L)                     |        | 0.001       | 0.000      | 0.048      |             | 0.000  | 1.076r          |
| CSR_MCYCLE_30__reg_p_D_NOR2X0P5H7L_Y:Y (NOR2X0P5H7L)                     |        | 0.001       | 0.000      | 0.027      |             | 0.032  | 1.108f          |
| CSR_MCYCLE_30__reg_p_D (net)                                             | 1      |             |            |            | 0.000       |        |                 |
| CSR_MCYCLE_30__reg_p:D (DFFQX1H7L)                                       |        | 0.001       | 0.000      | 0.027      |             | 0.000  | 1.108f          |
|                                                                          |        |             |            |            |             |        |                 |
| clock (port)                                                             |        | 0.042       | 0.000      | 0.000      |             | 0.000  | 0.000r          |
| clock (clock net)                                                        | 38     |             |            |            | NA          |        |                 |
| bus_valid_ICGX0P5H7L_E:CK (ICGX0P5H7L)                                   |        | 0.002       | 0.000      | 0.000      |             | 0.000  | 0.000r          |
| bus_valid_ICGX0P5H7L_E:ECK (ICGX0P5H7L)                                  |        | 0.022       | 0.000      | 0.000      |             | 0.000  | 0.000r          |
| CSR_MCYCLE_0__reg_p_CK (clock net)                                       | 32     |             |            |            | NA          |        |                 |
| CSR_MCYCLE_30__reg_p:CK (DFFQX1H7L)                                      |        | 0.001       | 0.000      | 0.000      |             | 0.000  | 0.000r          |
| clock core_clock (rise edge)                                             |        |             |            |            |             | 1      | 1               |
| clock network delay (ideal)                                              |        |             |            |            |             | 0.000  | 1.000           |
| CSR_MCYCLE_30__reg_p:CK (DFFQX1H7L)                                      |        |             |            |            |             |        | 1.000r          |
| library setup time                                                       |        |             |            |            |             | -0.070 | 0.930           |
| clock reconvergence pessimism                                            |        |             |            |            |             | 0.000  | 0.930           |
|                                                                          |        |             |            |            |             |        |                 |
| path cell delay                                                          |        |             |            |            |             |        | 1.108(100.000%) |
| path net delay                                                           |        |             |            |            |             |        | 0.000(0.000%)   |
|                                                                          |        |             |            |            |             |        |                 |
| data require time                                                        |        |             |            |            |             |        | 0.930           |
| data arrival time                                                        |        |             |            |            |             |        | 1.108           |
| slack (VIOLATED)                                                         |        |             |            |            |             |        | -0.178          |
+--------------------------------------------------------------------------+--------+-------------+------------+------------+-------------+--------+-----------------+
+--------------------------------------------------------------------------+--------+-------------+------------+------------+-------------+--------+-----------------+
| Point                                                                    | Fanout | Capacitance | Resistance | Transition | Delta Delay | Incr   | Path            |
+--------------------------------------------------------------------------+--------+-------------+------------+------------+-------------+--------+-----------------+
| clock (port)                                                             |        | 0.060       | 0.000      | 0.000      |             | 0.000  | 0.000r          |
| clock (clock net)                                                        | 38     |             |            |            | NA          |        |                 |
| bus_valid_ICGX0P5H7L_E:CK (ICGX0P5H7L)                                   |        | 0.002       | 0.000      | 0.000      |             | 0.000  | 0.000r          |
| bus_valid_ICGX0P5H7L_E:ECK (ICGX0P5H7L)                                  |        | 0.029       | 0.000      | 0.000      |             | 0.000  | 0.000r          |
| CSR_MCYCLE_0__reg_p_CK (clock net)                                       | 32     |             |            |            | NA          |        |                 |
| CSR_MCYCLE_0__reg_p:CK (DFFQX1H7L)                                       |        | 0.001       | 0.000      | 0.000      |             | 0.000  | 0.000r          |
| clock core_clock (rise edge)                                             |        |             |            |            |             | 0      | 0               |
| clock network delay (ideal)                                              |        |             |            |            |             | 0.000  | 0.000           |
| CSR_MCYCLE_0__reg_p:CK (DFFQX1H7L)                                       |        | 0.001       | 0.000      | 0.000      |             | 0.000  | 0.000r          |
| CSR_MCYCLE_0__reg_p:Q (DFFQX1H7L)                                        |        | 0.005       | 0.000      | 0.102      |             | 0.187  | 0.187r          |
| CSR_MCYCLE_0_ (net)                                                      | 6      |             |            |            | 0.000       |        |                 |
| CSR_MCYCLE_3__NAND4X1P4H7L_D:A (NAND4X1P4H7L)                            |        | 0.001       | 0.000      | 0.102      |             | 0.000  | 0.187r          |
| CSR_MCYCLE_3__NAND4X1P4H7L_D:Y (NAND4X1P4H7L)                            |        | 0.004       | 0.000      | 0.182      |             | 0.152  | 0.339f          |
| CSR_MCYCLE_3__NAND4X1P4H7L_D_Y (net)                                     | 5      |             |            |            | 0.000       |        |                 |
| CSR_MCYCLE_11__NAND3X0P5H7L_B_Y_NOR4BX0P5H7L_D:B (NOR4BX0P5H7L)          |        | 0.001       | 0.000      | 0.182      |             | 0.000  | 0.339f          |
| CSR_MCYCLE_11__NAND3X0P5H7L_B_Y_NOR4BX0P5H7L_D:Y (NOR4BX0P5H7L)          |        | 0.001       | 0.000      | 0.191      |             | 0.186  | 0.526r          |
| CSR_MCYCLE_11__NAND3X0P5H7L_B_Y_NOR4BX0P5H7L_D_Y (net)                   | 1      |             |            |            | 0.000       |        |                 |
| CSR_MCYCLE_11__NAND3X0P5H7L_B_Y_NOR4BX0P5H7L_D_Y_BUFX3H7L_A:A (BUFX3H7L) |        | 0.001       | 0.000      | 0.191      |             | 0.000  | 0.526r          |
| CSR_MCYCLE_11__NAND3X0P5H7L_B_Y_NOR4BX0P5H7L_D_Y_BUFX3H7L_A:Y (BUFX3H7L) |        | 0.010       | 0.000      | 0.114      |             | 0.156  | 0.682r          |
| CSR_MCYCLE_30__AND2X1H7L_A_B_NOR4BX0P5H7L_Y_AN (net)                     | 14     |             |            |            | 0.000       |        |                 |
| CSR_MCYCLE_30__AND2X1H7L_A_B_NOR4BX0P5H7L_Y:AN (NOR4BX0P5H7L)            |        | 0.001       | 0.000      | 0.114      |             | 0.000  | 0.682r          |
| CSR_MCYCLE_30__AND2X1H7L_A_B_NOR4BX0P5H7L_Y:Y (NOR4BX0P5H7L)             |        | 0.001       | 0.000      | 0.268      |             | 0.234  | 0.916r          |
| CSR_MCYCLE_30__AND2X1H7L_A_B (net)                                       | 2      |             |            |            | 0.000       |        |                 |
| CSR_MCYCLE_30__AND2X1H7L_A:B (AND2X1H7L)                                 |        | 0.001       | 0.000      | 0.268      |             | 0.000  | 0.916r          |
| CSR_MCYCLE_30__AND2X1H7L_A:Y (AND2X1H7L)                                 |        | 0.002       | 0.000      | 0.069      |             | 0.135  | 1.051r          |
| CSR_MCYCLE_31__reg_p_D_MUX2X0P5H7L_Y_S0 (net)                            | 2      |             |            |            | 0.000       |        |                 |
| CSR_MCYCLE_31__reg_p_D_MUX2X0P5H7L_Y:S0 (MUX2X0P5H7L)                    |        | 0.002       | 0.000      | 0.069      |             | 0.000  | 1.051r          |
| CSR_MCYCLE_31__reg_p_D_MUX2X0P5H7L_Y:Y (MUX2X0P5H7L)                     |        | 0.001       | 0.000      | 0.040      |             | 0.079  | 1.130r          |
| CSR_MCYCLE_31__reg_p_D (net)                                             | 1      |             |            |            | 0.000       |        |                 |
| CSR_MCYCLE_31__reg_p:D (DFFQX1H7L)                                       |        | 0.001       | 0.000      | 0.040      |             | 0.000  | 1.130r          |
|                                                                          |        |             |            |            |             |        |                 |
| clock (port)                                                             |        | 0.042       | 0.000      | 0.000      |             | 0.000  | 0.000r          |
| clock (clock net)                                                        | 38     |             |            |            | NA          |        |                 |
| bus_valid_ICGX0P5H7L_E:CK (ICGX0P5H7L)                                   |        | 0.002       | 0.000      | 0.000      |             | 0.000  | 0.000r          |
| bus_valid_ICGX0P5H7L_E:ECK (ICGX0P5H7L)                                  |        | 0.022       | 0.000      | 0.000      |             | 0.000  | 0.000r          |
| CSR_MCYCLE_0__reg_p_CK (clock net)                                       | 32     |             |            |            | NA          |        |                 |
| CSR_MCYCLE_31__reg_p:CK (DFFQX1H7L)                                      |        | 0.001       | 0.000      | 0.000      |             | 0.000  | 0.000r          |
| clock core_clock (rise edge)                                             |        |             |            |            |             | 1      | 1               |
| clock network delay (ideal)                                              |        |             |            |            |             | 0.000  | 1.000           |
| CSR_MCYCLE_31__reg_p:CK (DFFQX1H7L)                                      |        |             |            |            |             |        | 1.000r          |
| library setup time                                                       |        |             |            |            |             | -0.046 | 0.954           |
| clock reconvergence pessimism                                            |        |             |            |            |             | 0.000  | 0.954           |
|                                                                          |        |             |            |            |             |        |                 |
| path cell delay                                                          |        |             |            |            |             |        | 1.130(100.000%) |
| path net delay                                                           |        |             |            |            |             |        | 0.000(0.000%)   |
|                                                                          |        |             |            |            |             |        |                 |
| data require time                                                        |        |             |            |            |             |        | 0.954           |
| data arrival time                                                        |        |             |            |            |             |        | 1.130           |
| slack (VIOLATED)                                                         |        |             |            |            |             |        | -0.176          |
+--------------------------------------------------------------------------+--------+-------------+------------+------------+-------------+--------+-----------------+
+---------------------------------------------------------------------------------------+--------+-------------+------------+------------+-------------+--------+-----------------+
| Point                                                                                 | Fanout | Capacitance | Resistance | Transition | Delta Delay | Incr   | Path            |
+---------------------------------------------------------------------------------------+--------+-------------+------------+------------+-------------+--------+-----------------+
| clock (port)                                                                          |        | 0.060       | 0.000      | 0.000      |             | 0.000  | 0.000r          |
| clock (clock net)                                                                     | 38     |             |            |            | NA          |        |                 |
| CSR_MCYCLE_31__reg_p_D_MUX2X0P5H7L_Y_S0_AND3X1P4H7L_C_Y_ICGX0P5H7L_E:CK (ICGX0P5H7L)  |        | 0.002       | 0.000      | 0.000      |             | 0.000  | 0.000r          |
| CSR_MCYCLE_31__reg_p_D_MUX2X0P5H7L_Y_S0_AND3X1P4H7L_C_Y_ICGX0P5H7L_E:ECK (ICGX0P5H7L) |        | 0.029       | 0.000      | 0.000      |             | 0.000  | 0.000r          |
| CSR_MCYCLEH_0__reg_p_CK (clock net)                                                   | 32     |             |            |            | NA          |        |                 |
| CSR_MCYCLEH_0__reg_p:CK (DFFQX1H7L)                                                   |        | 0.001       | 0.000      | 0.000      |             | 0.000  | 0.000r          |
| clock core_clock (rise edge)                                                          |        |             |            |            |             | 0      | 0               |
| clock network delay (ideal)                                                           |        |             |            |            |             | 0.000  | 0.000           |
| CSR_MCYCLEH_0__reg_p:CK (DFFQX1H7L)                                                   |        | 0.001       | 0.000      | 0.000      |             | 0.000  | 0.000r          |
| CSR_MCYCLEH_0__reg_p:Q (DFFQX1H7L)                                                    |        | 0.005       | 0.000      | 0.101      |             | 0.186  | 0.186r          |
| CSR_MCYCLEH_0_ (net)                                                                  | 6      |             |            |            | 0.000       |        |                 |
| CSR_MCYCLEH_3__AND4X1P4H7L_D:A (AND4X1P4H7L)                                          |        | 0.001       | 0.000      | 0.101      |             | 0.000  | 0.186r          |
| CSR_MCYCLEH_3__AND4X1P4H7L_D:Y (AND4X1P4H7L)                                          |        | 0.004       | 0.000      | 0.095      |             | 0.182  | 0.369r          |
| CSR_MCYCLEH_3__AND4X1P4H7L_D_Y (net)                                                  | 5      |             |            |            | 0.000       |        |                 |
| CSR_MCYCLEH_9__AND4X0P5H7L_B:C (AND4X0P5H7L)                                          |        | 0.001       | 0.000      | 0.095      |             | 0.000  | 0.369r          |
| CSR_MCYCLEH_9__AND4X0P5H7L_B:Y (AND4X0P5H7L)                                          |        | 0.001       | 0.000      | 0.060      |             | 0.145  | 0.514r          |
| CSR_MCYCLEH_9__AND4X0P5H7L_B_Y (net)                                                  | 1      |             |            |            | 0.000       |        |                 |
| CSR_MCYCLEH_9__AND4X0P5H7L_B_Y_BUFX3H7L_A:A (BUFX3H7L)                                |        | 0.001       | 0.000      | 0.060      |             | 0.000  | 0.514r          |
| CSR_MCYCLEH_9__AND4X0P5H7L_B_Y_BUFX3H7L_A:Y (BUFX3H7L)                                |        | 0.010       | 0.000      | 0.109      |             | 0.117  | 0.631r          |
| CSR_MCYCLEH_28__NAND4X0P5H7L_A_B (net)                                                | 14     |             |            |            | 0.000       |        |                 |
| CSR_MCYCLEH_28__NAND4X0P5H7L_A:B (NAND4X0P5H7L)                                       |        | 0.001       | 0.000      | 0.109      |             | 0.000  | 0.631r          |
| CSR_MCYCLEH_28__NAND4X0P5H7L_A:Y (NAND4X0P5H7L)                                       |        | 0.004       | 0.000      | 0.293      |             | 0.210  | 0.841f          |
| CSR_MCYCLEH_31__OR4X1P4H7L_C_D (net)                                                  | 5      |             |            |            | 0.000       |        |                 |
| CSR_MCYCLEH_31__OAI31X0P5H7L_B0:A2 (OAI31X0P5H7L)                                     |        | 0.001       | 0.000      | 0.293      |             | 0.000  | 0.841f          |
| CSR_MCYCLEH_31__OAI31X0P5H7L_B0:Y (OAI31X0P5H7L)                                      |        | 0.001       | 0.000      | 0.161      |             | 0.167  | 1.008r          |
| CSR_MCYCLEH_31__reg_p_D_AOI21X0P5H7L_Y_A0 (net)                                       | 1      |             |            |            | 0.000       |        |                 |
| CSR_MCYCLEH_31__reg_p_D_AOI21X0P5H7L_Y:A0 (AOI21X0P5H7L)                              |        | 0.001       | 0.000      | 0.161      |             | 0.000  | 1.008r          |
| CSR_MCYCLEH_31__reg_p_D_AOI21X0P5H7L_Y:Y (AOI21X0P5H7L)                               |        | 0.001       | 0.000      | 0.065      |             | 0.081  | 1.089f          |
| CSR_MCYCLEH_31__reg_p_D (net)                                                         | 1      |             |            |            | 0.000       |        |                 |
| CSR_MCYCLEH_31__reg_p:D (DFFQX1H7L)                                                   |        | 0.001       | 0.000      | 0.065      |             | 0.000  | 1.089f          |
|                                                                                       |        |             |            |            |             |        |                 |
| clock (port)                                                                          |        | 0.042       | 0.000      | 0.000      |             | 0.000  | 0.000r          |
| clock (clock net)                                                                     | 38     |             |            |            | NA          |        |                 |
| CSR_MCYCLE_31__reg_p_D_MUX2X0P5H7L_Y_S0_AND3X1P4H7L_C_Y_ICGX0P5H7L_E:CK (ICGX0P5H7L)  |        | 0.002       | 0.000      | 0.000      |             | 0.000  | 0.000r          |
| CSR_MCYCLE_31__reg_p_D_MUX2X0P5H7L_Y_S0_AND3X1P4H7L_C_Y_ICGX0P5H7L_E:ECK (ICGX0P5H7L) |        | 0.022       | 0.000      | 0.000      |             | 0.000  | 0.000r          |
| CSR_MCYCLEH_0__reg_p_CK (clock net)                                                   | 32     |             |            |            | NA          |        |                 |
| CSR_MCYCLEH_31__reg_p:CK (DFFQX1H7L)                                                  |        | 0.001       | 0.000      | 0.000      |             | 0.000  | 0.000r          |
| clock core_clock (rise edge)                                                          |        |             |            |            |             | 1      | 1               |
| clock network delay (ideal)                                                           |        |             |            |            |             | 0.000  | 1.000           |
| CSR_MCYCLEH_31__reg_p:CK (DFFQX1H7L)                                                  |        |             |            |            |             |        | 1.000r          |
| library setup time                                                                    |        |             |            |            |             | -0.081 | 0.919           |
| clock reconvergence pessimism                                                         |        |             |            |            |             | 0.000  | 0.919           |
|                                                                                       |        |             |            |            |             |        |                 |
| path cell delay                                                                       |        |             |            |            |             |        | 1.089(100.000%) |
| path net delay                                                                        |        |             |            |            |             |        | 0.000(0.000%)   |
|                                                                                       |        |             |            |            |             |        |                 |
| data require time                                                                     |        |             |            |            |             |        | 0.919           |
| data arrival time                                                                     |        |             |            |            |             |        | 1.089           |
| slack (VIOLATED)                                                                      |        |             |            |            |             |        | -0.170          |
+---------------------------------------------------------------------------------------+--------+-------------+------------+------------+-------------+--------+-----------------+
+--------------------------------------------------------------------------------------+--------+-------------+------------+------------+-------------+--------+-----------------+
| Point                                                                                | Fanout | Capacitance | Resistance | Transition | Delta Delay | Incr   | Path            |
+--------------------------------------------------------------------------------------+--------+-------------+------------+------------+-------------+--------+-----------------+
| clock (port)                                                                         |        | 0.060       | 0.000      | 0.000      |             | 0.000  | 0.000r          |
| clock (clock net)                                                                    | 38     |             |            |            | NA          |        |                 |
| bus_valid_ICGX0P5H7L_E:CK (ICGX0P5H7L)                                               |        | 0.002       | 0.000      | 0.000      |             | 0.000  | 0.000r          |
| bus_valid_ICGX0P5H7L_E:ECK (ICGX0P5H7L)                                              |        | 0.029       | 0.000      | 0.000      |             | 0.000  | 0.000r          |
| CSR_MCYCLE_0__reg_p_CK (clock net)                                                   | 32     |             |            |            | NA          |        |                 |
| CSR_MCYCLE_0__reg_p:CK (DFFQX1H7L)                                                   |        | 0.001       | 0.000      | 0.000      |             | 0.000  | 0.000r          |
| clock core_clock (rise edge)                                                         |        |             |            |            |             | 0      | 0               |
| clock network delay (ideal)                                                          |        |             |            |            |             | 0.000  | 0.000           |
| CSR_MCYCLE_0__reg_p:CK (DFFQX1H7L)                                                   |        | 0.001       | 0.000      | 0.000      |             | 0.000  | 0.000r          |
| CSR_MCYCLE_0__reg_p:Q (DFFQX1H7L)                                                    |        | 0.005       | 0.000      | 0.102      |             | 0.187  | 0.187r          |
| CSR_MCYCLE_0_ (net)                                                                  | 6      |             |            |            | 0.000       |        |                 |
| CSR_MCYCLE_3__NAND4X1P4H7L_D:A (NAND4X1P4H7L)                                        |        | 0.001       | 0.000      | 0.102      |             | 0.000  | 0.187r          |
| CSR_MCYCLE_3__NAND4X1P4H7L_D:Y (NAND4X1P4H7L)                                        |        | 0.004       | 0.000      | 0.182      |             | 0.152  | 0.339f          |
| CSR_MCYCLE_3__NAND4X1P4H7L_D_Y (net)                                                 | 5      |             |            |            | 0.000       |        |                 |
| CSR_MCYCLE_11__NAND3X0P5H7L_B_Y_NOR4BX0P5H7L_D:B (NOR4BX0P5H7L)                      |        | 0.001       | 0.000      | 0.182      |             | 0.000  | 0.339f          |
| CSR_MCYCLE_11__NAND3X0P5H7L_B_Y_NOR4BX0P5H7L_D:Y (NOR4BX0P5H7L)                      |        | 0.001       | 0.000      | 0.191      |             | 0.186  | 0.526r          |
| CSR_MCYCLE_11__NAND3X0P5H7L_B_Y_NOR4BX0P5H7L_D_Y (net)                               | 1      |             |            |            | 0.000       |        |                 |
| CSR_MCYCLE_11__NAND3X0P5H7L_B_Y_NOR4BX0P5H7L_D_Y_BUFX3H7L_A:A (BUFX3H7L)             |        | 0.001       | 0.000      | 0.191      |             | 0.000  | 0.526r          |
| CSR_MCYCLE_11__NAND3X0P5H7L_B_Y_NOR4BX0P5H7L_D_Y_BUFX3H7L_A:Y (BUFX3H7L)             |        | 0.010       | 0.000      | 0.114      |             | 0.156  | 0.682r          |
| CSR_MCYCLE_30__AND2X1H7L_A_B_NOR4BX0P5H7L_Y_AN (net)                                 | 14     |             |            |            | 0.000       |        |                 |
| CSR_MCYCLE_30__AND2X1H7L_A_B_NOR4BX0P5H7L_Y:AN (NOR4BX0P5H7L)                        |        | 0.001       | 0.000      | 0.114      |             | 0.000  | 0.682r          |
| CSR_MCYCLE_30__AND2X1H7L_A_B_NOR4BX0P5H7L_Y:Y (NOR4BX0P5H7L)                         |        | 0.001       | 0.000      | 0.268      |             | 0.234  | 0.916r          |
| CSR_MCYCLE_30__AND2X1H7L_A_B (net)                                                   | 2      |             |            |            | 0.000       |        |                 |
| CSR_MCYCLE_30__AND2X1H7L_A:B (AND2X1H7L)                                             |        | 0.001       | 0.000      | 0.268      |             | 0.000  | 0.916r          |
| CSR_MCYCLE_30__AND2X1H7L_A:Y (AND2X1H7L)                                             |        | 0.002       | 0.000      | 0.069      |             | 0.135  | 1.051r          |
| CSR_MCYCLE_31__reg_p_D_MUX2X0P5H7L_Y_S0 (net)                                        | 2      |             |            |            | 0.000       |        |                 |
| CSR_MCYCLE_31__reg_p_D_MUX2X0P5H7L_Y_S0_AND3X1P4H7L_C:C (AND3X1P4H7L)                |        | 0.001       | 0.000      | 0.069      |             | 0.000  | 1.051r          |
| CSR_MCYCLE_31__reg_p_D_MUX2X0P5H7L_Y_S0_AND3X1P4H7L_C:Y (AND3X1P4H7L)                |        | 0.001       | 0.000      | 0.041      |             | 0.104  | 1.154r          |
| CSR_MCYCLE_31__reg_p_D_MUX2X0P5H7L_Y_S0_AND3X1P4H7L_C_Y (net)                        | 1      |             |            |            | 0.000       |        |                 |
| CSR_MCYCLE_31__reg_p_D_MUX2X0P5H7L_Y_S0_AND3X1P4H7L_C_Y_ICGX0P5H7L_E:E (ICGX0P5H7L)  |        | 0.001       | 0.000      | 0.041      |             | 0.000  | 1.154r          |
|                                                                                      |        |             |            |            |             |        |                 |
| clock (port)                                                                         |        | 0.042       | 0.000      | 0.000      |             | 0.000  | 0.000r          |
| clock (clock net)                                                                    | 38     |             |            |            | NA          |        |                 |
| CSR_MCYCLE_31__reg_p_D_MUX2X0P5H7L_Y_S0_AND3X1P4H7L_C_Y_ICGX0P5H7L_E:CK (ICGX0P5H7L) |        | 0.002       | 0.000      | 0.000      |             | 0.000  | 0.000r          |
| clock core_clock (rise edge)                                                         |        |             |            |            |             | 1      | 1               |
| clock network delay (ideal)                                                          |        |             |            |            |             | 0.000  | 1.000           |
| CSR_MCYCLE_31__reg_p_D_MUX2X0P5H7L_Y_S0_AND3X1P4H7L_C_Y_ICGX0P5H7L_E:CK (ICGX0P5H7L) |        |             |            |            |             |        | 1.000r          |
| library setup time                                                                   |        |             |            |            |             | -0.100 | 0.900           |
| clock reconvergence pessimism                                                        |        |             |            |            |             | 0.000  | 0.900           |
|                                                                                      |        |             |            |            |             |        |                 |
| path cell delay                                                                      |        |             |            |            |             |        | 1.154(100.000%) |
| path net delay                                                                       |        |             |            |            |             |        | 0.000(0.000%)   |
|                                                                                      |        |             |            |            |             |        |                 |
| data require time                                                                    |        |             |            |            |             |        | 0.900           |
| data arrival time                                                                    |        |             |            |            |             |        | 1.154           |
| slack (VIOLATED)                                                                     |        |             |            |            |             |        | -0.255          |
+--------------------------------------------------------------------------------------+--------+-------------+------------+------------+-------------+--------+-----------------+
+--------------------------------------------------------------------------------------+--------+-------------+------------+------------+-------------+--------+-----------------+
| Point                                                                                | Fanout | Capacitance | Resistance | Transition | Delta Delay | Incr   | Path            |
+--------------------------------------------------------------------------------------+--------+-------------+------------+------------+-------------+--------+-----------------+
| clock (port)                                                                         |        | 0.060       | 0.000      | 0.000      |             | 0.000  | 0.000r          |
| clock (clock net)                                                                    | 38     |             |            |            | NA          |        |                 |
| bus_valid_ICGX0P5H7L_E:CK (ICGX0P5H7L)                                               |        | 0.002       | 0.000      | 0.000      |             | 0.000  | 0.000r          |
| bus_valid_ICGX0P5H7L_E:ECK (ICGX0P5H7L)                                              |        | 0.029       | 0.000      | 0.000      |             | 0.000  | 0.000r          |
| CSR_MCYCLE_0__reg_p_CK (clock net)                                                   | 32     |             |            |            | NA          |        |                 |
| CSR_MCYCLE_0__reg_p:CK (DFFQX1H7L)                                                   |        | 0.001       | 0.000      | 0.000      |             | 0.000  | 0.000r          |
| clock core_clock (rise edge)                                                         |        |             |            |            |             | 0      | 0               |
| clock network delay (ideal)                                                          |        |             |            |            |             | 0.000  | 0.000           |
| CSR_MCYCLE_0__reg_p:CK (DFFQX1H7L)                                                   |        | 0.001       | 0.000      | 0.000      |             | 0.000  | 0.000r          |
| CSR_MCYCLE_0__reg_p:Q (DFFQX1H7L)                                                    |        | 0.005       | 0.000      | 0.085      |             | 0.151  | 0.151f          |
| CSR_MCYCLE_0_ (net)                                                                  | 6      |             |            |            | 0.000       |        |                 |
| CSR_MCYCLE_3__NAND4X1P4H7L_D:A (NAND4X1P4H7L)                                        |        | 0.001       | 0.000      | 0.085      |             | 0.000  | 0.151f          |
| CSR_MCYCLE_3__NAND4X1P4H7L_D:Y (NAND4X1P4H7L)                                        |        | 0.004       | 0.000      | 0.095      |             | 0.088  | 0.239r          |
| CSR_MCYCLE_3__NAND4X1P4H7L_D_Y (net)                                                 | 5      |             |            |            | 0.000       |        |                 |
| CSR_MCYCLE_11__NAND3X0P5H7L_B_Y_NOR4BX0P5H7L_D:B (NOR4BX0P5H7L)                      |        | 0.001       | 0.000      | 0.095      |             | 0.000  | 0.239r          |
| CSR_MCYCLE_11__NAND3X0P5H7L_B_Y_NOR4BX0P5H7L_D:Y (NOR4BX0P5H7L)                      |        | 0.001       | 0.000      | 0.048      |             | 0.054  | 0.292f          |
| CSR_MCYCLE_11__NAND3X0P5H7L_B_Y_NOR4BX0P5H7L_D_Y (net)                               | 1      |             |            |            | 0.000       |        |                 |
| CSR_MCYCLE_11__NAND3X0P5H7L_B_Y_NOR4BX0P5H7L_D_Y_BUFX3H7L_A:A (BUFX3H7L)             |        | 0.001       | 0.000      | 0.048      |             | 0.000  | 0.292f          |
| CSR_MCYCLE_11__NAND3X0P5H7L_B_Y_NOR4BX0P5H7L_D_Y_BUFX3H7L_A:Y (BUFX3H7L)             |        | 0.010       | 0.000      | 0.078      |             | 0.113  | 0.405f          |
| CSR_MCYCLE_30__AND2X1H7L_A_B_NOR4BX0P5H7L_Y_AN (net)                                 | 14     |             |            |            | 0.000       |        |                 |
| CSR_MCYCLE_30__AND2X1H7L_A_B_NOR4BX0P5H7L_Y:AN (NOR4BX0P5H7L)                        |        | 0.001       | 0.000      | 0.078      |             | 0.000  | 0.405f          |
| CSR_MCYCLE_30__AND2X1H7L_A_B_NOR4BX0P5H7L_Y:Y (NOR4BX0P5H7L)                         |        | 0.001       | 0.000      | 0.068      |             | 0.087  | 0.492f          |
| CSR_MCYCLE_30__AND2X1H7L_A_B (net)                                                   | 2      |             |            |            | 0.000       |        |                 |
| CSR_MCYCLE_30__AND2X1H7L_A:B (AND2X1H7L)                                             |        | 0.001       | 0.000      | 0.068      |             | 0.000  | 0.492f          |
| CSR_MCYCLE_30__AND2X1H7L_A:Y (AND2X1H7L)                                             |        | 0.002       | 0.000      | 0.042      |             | 0.082  | 0.574f          |
| CSR_MCYCLE_31__reg_p_D_MUX2X0P5H7L_Y_S0 (net)                                        | 2      |             |            |            | 0.000       |        |                 |
| CSR_MCYCLE_31__reg_p_D_MUX2X0P5H7L_Y_S0_AND3X1P4H7L_C:C (AND3X1P4H7L)                |        | 0.001       | 0.000      | 0.042      |             | 0.000  | 0.574f          |
| CSR_MCYCLE_31__reg_p_D_MUX2X0P5H7L_Y_S0_AND3X1P4H7L_C:Y (AND3X1P4H7L)                |        | 0.001       | 0.000      | 0.030      |             | 0.076  | 0.650f          |
| CSR_MCYCLE_31__reg_p_D_MUX2X0P5H7L_Y_S0_AND3X1P4H7L_C_Y (net)                        | 1      |             |            |            | 0.000       |        |                 |
| CSR_MCYCLE_31__reg_p_D_MUX2X0P5H7L_Y_S0_AND3X1P4H7L_C_Y_ICGX0P5H7L_E:E (ICGX0P5H7L)  |        | 0.001       | 0.000      | 0.030      |             | 0.000  | 0.650f          |
|                                                                                      |        |             |            |            |             |        |                 |
| clock (port)                                                                         |        | 0.042       | 0.000      | 0.000      |             | 0.000  | 0.000r          |
| clock (clock net)                                                                    | 38     |             |            |            | NA          |        |                 |
| CSR_MCYCLE_31__reg_p_D_MUX2X0P5H7L_Y_S0_AND3X1P4H7L_C_Y_ICGX0P5H7L_E:CK (ICGX0P5H7L) |        | 0.002       | 0.000      | 0.000      |             | 0.000  | 0.000r          |
| clock core_clock (rise edge)                                                         |        |             |            |            |             | 1      | 1               |
| clock network delay (ideal)                                                          |        |             |            |            |             | 0.000  | 1.000           |
| CSR_MCYCLE_31__reg_p_D_MUX2X0P5H7L_Y_S0_AND3X1P4H7L_C_Y_ICGX0P5H7L_E:CK (ICGX0P5H7L) |        |             |            |            |             |        | 1.000r          |
| library setup time                                                                   |        |             |            |            |             | -0.058 | 0.942           |
| clock reconvergence pessimism                                                        |        |             |            |            |             | 0.000  | 0.942           |
|                                                                                      |        |             |            |            |             |        |                 |
| path cell delay                                                                      |        |             |            |            |             |        | 0.650(100.000%) |
| path net delay                                                                       |        |             |            |            |             |        | 0.000(0.000%)   |
|                                                                                      |        |             |            |            |             |        |                 |
| data require time                                                                    |        |             |            |            |             |        | 0.942           |
| data arrival time                                                                    |        |             |            |            |             |        | 0.650           |
| slack (MET)                                                                          |        |             |            |            |             |        | 0.292           |
+--------------------------------------------------------------------------------------+--------+-------------+------------+------------+-------------+--------+-----------------+
+---------------------------------------------------------------------------------------+--------+-------------+------------+------------+-------------+--------+-----------------+
| Point                                                                                 | Fanout | Capacitance | Resistance | Transition | Delta Delay | Incr   | Path            |
+---------------------------------------------------------------------------------------+--------+-------------+------------+------------+-------------+--------+-----------------+
| clock (port)                                                                          |        | 0.042       | 0.000      | 0.000      |             | 0.000  | 0.000r          |
| clock (clock net)                                                                     | 38     |             |            |            | NA          |        |                 |
| CSR_MCYCLE_31__reg_p_D_MUX2X0P5H7L_Y_S0_AND3X1P4H7L_C_Y_ICGX0P5H7L_E:CK (ICGX0P5H7L)  |        | 0.002       | 0.000      | 0.000      |             | 0.000  | 0.000r          |
| CSR_MCYCLE_31__reg_p_D_MUX2X0P5H7L_Y_S0_AND3X1P4H7L_C_Y_ICGX0P5H7L_E:ECK (ICGX0P5H7L) |        | 0.022       | 0.000      | 0.000      |             | 0.000  | 0.000r          |
| CSR_MCYCLEH_0__reg_p_CK (clock net)                                                   | 32     |             |            |            | NA          |        |                 |
| CSR_MCYCLEH_26__reg_p:CK (DFFQX1H7L)                                                  |        | 0.001       | 0.000      | 0.000      |             | 0.000  | 0.000r          |
| clock core_clock (rise edge)                                                          |        |             |            |            |             | 0      | 0               |
| clock network delay (ideal)                                                           |        |             |            |            |             | 0.000  | 0.000           |
| CSR_MCYCLEH_26__reg_p:CK (DFFQX1H7L)                                                  |        | 0.001       | 0.000      | 0.000      |             | 0.000  | 0.000r          |
| CSR_MCYCLEH_26__reg_p:Q (DFFQX1H7L)                                                   |        | 0.002       | 0.000      | 0.056      |             | 0.122  | 0.122f          |
| CSR_MCYCLEH_26_ (net)                                                                 | 4      |             |            |            | 0.000       |        |                 |
| CSR_MCYCLEH_26__reg_p_D_NAND2X0P5H7L_Y_A_OAI211X1H7L_Y:C0 (OAI211X1H7L)               |        | 0.001       | 0.000      | 0.056      |             | 0.000  | 0.122f          |
| CSR_MCYCLEH_26__reg_p_D_NAND2X0P5H7L_Y_A_OAI211X1H7L_Y:Y (OAI211X1H7L)                |        | 0.000       | 0.000      | 0.032      |             | 0.038  | 0.160r          |
| CSR_MCYCLEH_26__reg_p_D_NAND2X0P5H7L_Y_A (net)                                        | 1      |             |            |            | 0.000       |        |                 |
| CSR_MCYCLEH_26__reg_p_D_NAND2X0P5H7L_Y:A (NAND2X0P5H7L)                               |        | 0.001       | 0.000      | 0.032      |             | 0.000  | 0.160r          |
| CSR_MCYCLEH_26__reg_p_D_NAND2X0P5H7L_Y:Y (NAND2X0P5H7L)                               |        | 0.001       | 0.000      | 0.038      |             | 0.038  | 0.198f          |
| CSR_MCYCLEH_26__reg_p_D (net)                                                         | 1      |             |            |            | 0.000       |        |                 |
| CSR_MCYCLEH_26__reg_p:D (DFFQX1H7L)                                                   |        | 0.001       | 0.000      | 0.038      |             | 0.000  | 0.198f          |
|                                                                                       |        |             |            |            |             |        |                 |
| clock (port)                                                                          |        | 0.060       | 0.000      | 0.000      |             | 0.000  | 0.000r          |
| clock (clock net)                                                                     | 38     |             |            |            | NA          |        |                 |
| CSR_MCYCLE_31__reg_p_D_MUX2X0P5H7L_Y_S0_AND3X1P4H7L_C_Y_ICGX0P5H7L_E:CK (ICGX0P5H7L)  |        | 0.002       | 0.000      | 0.000      |             | 0.000  | 0.000r          |
| CSR_MCYCLE_31__reg_p_D_MUX2X0P5H7L_Y_S0_AND3X1P4H7L_C_Y_ICGX0P5H7L_E:ECK (ICGX0P5H7L) |        | 0.029       | 0.000      | 0.000      |             | 0.000  | 0.000r          |
| CSR_MCYCLEH_0__reg_p_CK (clock net)                                                   | 32     |             |            |            | NA          |        |                 |
| CSR_MCYCLEH_26__reg_p:CK (DFFQX1H7L)                                                  |        | 0.001       | 0.000      | 0.000      |             | 0.000  | 0.000r          |
| clock core_clock (rise edge)                                                          |        |             |            |            |             | 0      | 0               |
| clock network delay (ideal)                                                           |        |             |            |            |             | 0.000  | 0.000           |
| CSR_MCYCLEH_26__reg_p:CK (DFFQX1H7L)                                                  |        |             |            |            |             |        | 0.000r          |
| library hold time                                                                     |        |             |            |            |             | -0.014 | -0.014          |
| clock reconvergence pessimism                                                         |        |             |            |            |             | -0.000 | -0.014          |
|                                                                                       |        |             |            |            |             |        |                 |
| path cell delay                                                                       |        |             |            |            |             |        | 0.198(100.000%) |
| path net delay                                                                        |        |             |            |            |             |        | 0.000(0.000%)   |
|                                                                                       |        |             |            |            |             |        |                 |
| data require time                                                                     |        |             |            |            |             |        | -0.014          |
| data arrival time                                                                     |        |             |            |            |             |        | 0.198           |
| slack (MET)                                                                           |        |             |            |            |             |        | 0.212           |
+---------------------------------------------------------------------------------------+--------+-------------+------------+------------+-------------+--------+-----------------+
+---------------------------------------------------------------------------------------+--------+-------------+------------+------------+-------------+--------+-----------------+
| Point                                                                                 | Fanout | Capacitance | Resistance | Transition | Delta Delay | Incr   | Path            |
+---------------------------------------------------------------------------------------+--------+-------------+------------+------------+-------------+--------+-----------------+
| clock (port)                                                                          |        | 0.042       | 0.000      | 0.000      |             | 0.000  | 0.000r          |
| clock (clock net)                                                                     | 38     |             |            |            | NA          |        |                 |
| CSR_MCYCLE_31__reg_p_D_MUX2X0P5H7L_Y_S0_AND3X1P4H7L_C_Y_ICGX0P5H7L_E:CK (ICGX0P5H7L)  |        | 0.002       | 0.000      | 0.000      |             | 0.000  | 0.000r          |
| CSR_MCYCLE_31__reg_p_D_MUX2X0P5H7L_Y_S0_AND3X1P4H7L_C_Y_ICGX0P5H7L_E:ECK (ICGX0P5H7L) |        | 0.022       | 0.000      | 0.000      |             | 0.000  | 0.000r          |
| CSR_MCYCLEH_0__reg_p_CK (clock net)                                                   | 32     |             |            |            | NA          |        |                 |
| CSR_MCYCLEH_21__reg_p:CK (DFFQX1H7L)                                                  |        | 0.001       | 0.000      | 0.000      |             | 0.000  | 0.000r          |
| clock core_clock (rise edge)                                                          |        |             |            |            |             | 0      | 0               |
| clock network delay (ideal)                                                           |        |             |            |            |             | 0.000  | 0.000           |
| CSR_MCYCLEH_21__reg_p:CK (DFFQX1H7L)                                                  |        | 0.001       | 0.000      | 0.000      |             | 0.000  | 0.000r          |
| CSR_MCYCLEH_21__reg_p:Q (DFFQX1H7L)                                                   |        | 0.002       | 0.000      | 0.055      |             | 0.122  | 0.122f          |
| CSR_MCYCLEH_21_ (net)                                                                 | 4      |             |            |            | 0.000       |        |                 |
| CSR_MCYCLEH_21__reg_p_D_NAND2X0P5H7L_Y_A_OAI211X0P7H7L_Y:C0 (OAI211X0P7H7L)           |        | 0.001       | 0.000      | 0.055      |             | 0.000  | 0.122f          |
| CSR_MCYCLEH_21__reg_p_D_NAND2X0P5H7L_Y_A_OAI211X0P7H7L_Y:Y (OAI211X0P7H7L)            |        | 0.000       | 0.000      | 0.034      |             | 0.041  | 0.162r          |
| CSR_MCYCLEH_21__reg_p_D_NAND2X0P5H7L_Y_A (net)                                        | 1      |             |            |            | 0.000       |        |                 |
| CSR_MCYCLEH_21__reg_p_D_NAND2X0P5H7L_Y:A (NAND2X0P5H7L)                               |        | 0.001       | 0.000      | 0.034      |             | 0.000  | 0.162r          |
| CSR_MCYCLEH_21__reg_p_D_NAND2X0P5H7L_Y:Y (NAND2X0P5H7L)                               |        | 0.001       | 0.000      | 0.038      |             | 0.038  | 0.201f          |
| CSR_MCYCLEH_21__reg_p_D (net)                                                         | 1      |             |            |            | 0.000       |        |                 |
| CSR_MCYCLEH_21__reg_p:D (DFFQX1H7L)                                                   |        | 0.001       | 0.000      | 0.038      |             | 0.000  | 0.201f          |
|                                                                                       |        |             |            |            |             |        |                 |
| clock (port)                                                                          |        | 0.060       | 0.000      | 0.000      |             | 0.000  | 0.000r          |
| clock (clock net)                                                                     | 38     |             |            |            | NA          |        |                 |
| CSR_MCYCLE_31__reg_p_D_MUX2X0P5H7L_Y_S0_AND3X1P4H7L_C_Y_ICGX0P5H7L_E:CK (ICGX0P5H7L)  |        | 0.002       | 0.000      | 0.000      |             | 0.000  | 0.000r          |
| CSR_MCYCLE_31__reg_p_D_MUX2X0P5H7L_Y_S0_AND3X1P4H7L_C_Y_ICGX0P5H7L_E:ECK (ICGX0P5H7L) |        | 0.029       | 0.000      | 0.000      |             | 0.000  | 0.000r          |
| CSR_MCYCLEH_0__reg_p_CK (clock net)                                                   | 32     |             |            |            | NA          |        |                 |
| CSR_MCYCLEH_21__reg_p:CK (DFFQX1H7L)                                                  |        | 0.001       | 0.000      | 0.000      |             | 0.000  | 0.000r          |
| clock core_clock (rise edge)                                                          |        |             |            |            |             | 0      | 0               |
| clock network delay (ideal)                                                           |        |             |            |            |             | 0.000  | 0.000           |
| CSR_MCYCLEH_21__reg_p:CK (DFFQX1H7L)                                                  |        |             |            |            |             |        | 0.000r          |
| library hold time                                                                     |        |             |            |            |             | -0.014 | -0.014          |
| clock reconvergence pessimism                                                         |        |             |            |            |             | -0.000 | -0.014          |
|                                                                                       |        |             |            |            |             |        |                 |
| path cell delay                                                                       |        |             |            |            |             |        | 0.201(100.000%) |
| path net delay                                                                        |        |             |            |            |             |        | 0.000(0.000%)   |
|                                                                                       |        |             |            |            |             |        |                 |
| data require time                                                                     |        |             |            |            |             |        | -0.014          |
| data arrival time                                                                     |        |             |            |            |             |        | 0.201           |
| slack (MET)                                                                           |        |             |            |            |             |        | 0.215           |
+---------------------------------------------------------------------------------------+--------+-------------+------------+------------+-------------+--------+-----------------+
+---------------------------------------------------------------------------------------+--------+-------------+------------+------------+-------------+--------+-----------------+
| Point                                                                                 | Fanout | Capacitance | Resistance | Transition | Delta Delay | Incr   | Path            |
+---------------------------------------------------------------------------------------+--------+-------------+------------+------------+-------------+--------+-----------------+
| clock (port)                                                                          |        | 0.042       | 0.000      | 0.000      |             | 0.000  | 0.000r          |
| clock (clock net)                                                                     | 38     |             |            |            | NA          |        |                 |
| CSR_MCYCLE_31__reg_p_D_MUX2X0P5H7L_Y_S0_AND3X1P4H7L_C_Y_ICGX0P5H7L_E:CK (ICGX0P5H7L)  |        | 0.002       | 0.000      | 0.000      |             | 0.000  | 0.000r          |
| CSR_MCYCLE_31__reg_p_D_MUX2X0P5H7L_Y_S0_AND3X1P4H7L_C_Y_ICGX0P5H7L_E:ECK (ICGX0P5H7L) |        | 0.022       | 0.000      | 0.000      |             | 0.000  | 0.000r          |
| CSR_MCYCLEH_0__reg_p_CK (clock net)                                                   | 32     |             |            |            | NA          |        |                 |
| CSR_MCYCLEH_31__reg_p:CK (DFFQX1H7L)                                                  |        | 0.001       | 0.000      | 0.000      |             | 0.000  | 0.000r          |
| clock core_clock (rise edge)                                                          |        |             |            |            |             | 0      | 0               |
| clock network delay (ideal)                                                           |        |             |            |            |             | 0.000  | 0.000           |
| CSR_MCYCLEH_31__reg_p:CK (DFFQX1H7L)                                                  |        | 0.001       | 0.000      | 0.000      |             | 0.000  | 0.000r          |
| CSR_MCYCLEH_31__reg_p:Q (DFFQX1H7L)                                                   |        | 0.001       | 0.000      | 0.049      |             | 0.116  | 0.116f          |
| CSR_MCYCLEH_31_ (net)                                                                 | 3      |             |            |            | 0.000       |        |                 |
| CSR_MCYCLEH_31__OAI31X0P5H7L_B0:B0 (OAI31X0P5H7L)                                     |        | 0.001       | 0.000      | 0.049      |             | 0.000  | 0.116f          |
| CSR_MCYCLEH_31__OAI31X0P5H7L_B0:Y (OAI31X0P5H7L)                                      |        | 0.001       | 0.000      | 0.032      |             | 0.038  | 0.153r          |
| CSR_MCYCLEH_31__reg_p_D_AOI21X0P5H7L_Y_A0 (net)                                       | 1      |             |            |            | 0.000       |        |                 |
| CSR_MCYCLEH_31__reg_p_D_AOI21X0P5H7L_Y:A0 (AOI21X0P5H7L)                              |        | 0.001       | 0.000      | 0.032      |             | 0.000  | 0.153r          |
| CSR_MCYCLEH_31__reg_p_D_AOI21X0P5H7L_Y:Y (AOI21X0P5H7L)                               |        | 0.001       | 0.000      | 0.046      |             | 0.046  | 0.199f          |
| CSR_MCYCLEH_31__reg_p_D (net)                                                         | 1      |             |            |            | 0.000       |        |                 |
| CSR_MCYCLEH_31__reg_p:D (DFFQX1H7L)                                                   |        | 0.001       | 0.000      | 0.046      |             | 0.000  | 0.199f          |
|                                                                                       |        |             |            |            |             |        |                 |
| clock (port)                                                                          |        | 0.060       | 0.000      | 0.000      |             | 0.000  | 0.000r          |
| clock (clock net)                                                                     | 38     |             |            |            | NA          |        |                 |
| CSR_MCYCLE_31__reg_p_D_MUX2X0P5H7L_Y_S0_AND3X1P4H7L_C_Y_ICGX0P5H7L_E:CK (ICGX0P5H7L)  |        | 0.002       | 0.000      | 0.000      |             | 0.000  | 0.000r          |
| CSR_MCYCLE_31__reg_p_D_MUX2X0P5H7L_Y_S0_AND3X1P4H7L_C_Y_ICGX0P5H7L_E:ECK (ICGX0P5H7L) |        | 0.029       | 0.000      | 0.000      |             | 0.000  | 0.000r          |
| CSR_MCYCLEH_0__reg_p_CK (clock net)                                                   | 32     |             |            |            | NA          |        |                 |
| CSR_MCYCLEH_31__reg_p:CK (DFFQX1H7L)                                                  |        | 0.001       | 0.000      | 0.000      |             | 0.000  | 0.000r          |
| clock core_clock (rise edge)                                                          |        |             |            |            |             | 0      | 0               |
| clock network delay (ideal)                                                           |        |             |            |            |             | 0.000  | 0.000           |
| CSR_MCYCLEH_31__reg_p:CK (DFFQX1H7L)                                                  |        |             |            |            |             |        | 0.000r          |
| library hold time                                                                     |        |             |            |            |             | -0.015 | -0.015          |
| clock reconvergence pessimism                                                         |        |             |            |            |             | -0.000 | -0.015          |
|                                                                                       |        |             |            |            |             |        |                 |
| path cell delay                                                                       |        |             |            |            |             |        | 0.199(100.000%) |
| path net delay                                                                        |        |             |            |            |             |        | 0.000(0.000%)   |
|                                                                                       |        |             |            |            |             |        |                 |
| data require time                                                                     |        |             |            |            |             |        | -0.015          |
| data arrival time                                                                     |        |             |            |            |             |        | 0.199           |
| slack (MET)                                                                           |        |             |            |            |             |        | 0.215           |
+---------------------------------------------------------------------------------------+--------+-------------+------------+------------+-------------+--------+-----------------+
+---------------------------------------------------------------------------------------+--------+-------------+------------+------------+-------------+--------+-----------------+
| Point                                                                                 | Fanout | Capacitance | Resistance | Transition | Delta Delay | Incr   | Path            |
+---------------------------------------------------------------------------------------+--------+-------------+------------+------------+-------------+--------+-----------------+
| clock (port)                                                                          |        | 0.042       | 0.000      | 0.000      |             | 0.000  | 0.000r          |
| clock (clock net)                                                                     | 38     |             |            |            | NA          |        |                 |
| CSR_MCYCLE_31__reg_p_D_MUX2X0P5H7L_Y_S0_AND3X1P4H7L_C_Y_ICGX0P5H7L_E:CK (ICGX0P5H7L)  |        | 0.002       | 0.000      | 0.000      |             | 0.000  | 0.000r          |
| CSR_MCYCLE_31__reg_p_D_MUX2X0P5H7L_Y_S0_AND3X1P4H7L_C_Y_ICGX0P5H7L_E:ECK (ICGX0P5H7L) |        | 0.022       | 0.000      | 0.000      |             | 0.000  | 0.000r          |
| CSR_MCYCLEH_0__reg_p_CK (clock net)                                                   | 32     |             |            |            | NA          |        |                 |
| CSR_MCYCLEH_20__reg_p:CK (DFFQX1H7L)                                                  |        | 0.001       | 0.000      | 0.000      |             | 0.000  | 0.000r          |
| clock core_clock (rise edge)                                                          |        |             |            |            |             | 0      | 0               |
| clock network delay (ideal)                                                           |        |             |            |            |             | 0.000  | 0.000           |
| CSR_MCYCLEH_20__reg_p:CK (DFFQX1H7L)                                                  |        | 0.001       | 0.000      | 0.000      |             | 0.000  | 0.000r          |
| CSR_MCYCLEH_20__reg_p:Q (DFFQX1H7L)                                                   |        | 0.002       | 0.000      | 0.055      |             | 0.122  | 0.122f          |
| CSR_MCYCLEH_20_ (net)                                                                 | 4      |             |            |            | 0.000       |        |                 |
| CSR_MCYCLEH_20__reg_p_D_NAND2X0P5H7L_Y_A_OAI211X0P7H7L_Y:C0 (OAI211X0P7H7L)           |        | 0.001       | 0.000      | 0.055      |             | 0.000  | 0.122f          |
| CSR_MCYCLEH_20__reg_p_D_NAND2X0P5H7L_Y_A_OAI211X0P7H7L_Y:Y (OAI211X0P7H7L)            |        | 0.000       | 0.000      | 0.034      |             | 0.041  | 0.163r          |
| CSR_MCYCLEH_20__reg_p_D_NAND2X0P5H7L_Y_A (net)                                        | 1      |             |            |            | 0.000       |        |                 |
| CSR_MCYCLEH_20__reg_p_D_NAND2X0P5H7L_Y:A (NAND2X0P5H7L)                               |        | 0.001       | 0.000      | 0.034      |             | 0.000  | 0.163r          |
| CSR_MCYCLEH_20__reg_p_D_NAND2X0P5H7L_Y:Y (NAND2X0P5H7L)                               |        | 0.001       | 0.000      | 0.038      |             | 0.038  | 0.201f          |
| CSR_MCYCLEH_20__reg_p_D (net)                                                         | 1      |             |            |            | 0.000       |        |                 |
| CSR_MCYCLEH_20__reg_p:D (DFFQX1H7L)                                                   |        | 0.001       | 0.000      | 0.038      |             | 0.000  | 0.201f          |
|                                                                                       |        |             |            |            |             |        |                 |
| clock (port)                                                                          |        | 0.060       | 0.000      | 0.000      |             | 0.000  | 0.000r          |
| clock (clock net)                                                                     | 38     |             |            |            | NA          |        |                 |
| CSR_MCYCLE_31__reg_p_D_MUX2X0P5H7L_Y_S0_AND3X1P4H7L_C_Y_ICGX0P5H7L_E:CK (ICGX0P5H7L)  |        | 0.002       | 0.000      | 0.000      |             | 0.000  | 0.000r          |
| CSR_MCYCLE_31__reg_p_D_MUX2X0P5H7L_Y_S0_AND3X1P4H7L_C_Y_ICGX0P5H7L_E:ECK (ICGX0P5H7L) |        | 0.029       | 0.000      | 0.000      |             | 0.000  | 0.000r          |
| CSR_MCYCLEH_0__reg_p_CK (clock net)                                                   | 32     |             |            |            | NA          |        |                 |
| CSR_MCYCLEH_20__reg_p:CK (DFFQX1H7L)                                                  |        | 0.001       | 0.000      | 0.000      |             | 0.000  | 0.000r          |
| clock core_clock (rise edge)                                                          |        |             |            |            |             | 0      | 0               |
| clock network delay (ideal)                                                           |        |             |            |            |             | 0.000  | 0.000           |
| CSR_MCYCLEH_20__reg_p:CK (DFFQX1H7L)                                                  |        |             |            |            |             |        | 0.000r          |
| library hold time                                                                     |        |             |            |            |             | -0.014 | -0.014          |
| clock reconvergence pessimism                                                         |        |             |            |            |             | -0.000 | -0.014          |
|                                                                                       |        |             |            |            |             |        |                 |
| path cell delay                                                                       |        |             |            |            |             |        | 0.201(100.000%) |
| path net delay                                                                        |        |             |            |            |             |        | 0.000(0.000%)   |
|                                                                                       |        |             |            |            |             |        |                 |
| data require time                                                                     |        |             |            |            |             |        | -0.014          |
| data arrival time                                                                     |        |             |            |            |             |        | 0.201           |
| slack (MET)                                                                           |        |             |            |            |             |        | 0.215           |
+---------------------------------------------------------------------------------------+--------+-------------+------------+------------+-------------+--------+-----------------+
+---------------------------------------------------------------------------------------+--------+-------------+------------+------------+-------------+--------+-----------------+
| Point                                                                                 | Fanout | Capacitance | Resistance | Transition | Delta Delay | Incr   | Path            |
+---------------------------------------------------------------------------------------+--------+-------------+------------+------------+-------------+--------+-----------------+
| clock (port)                                                                          |        | 0.042       | 0.000      | 0.000      |             | 0.000  | 0.000r          |
| clock (clock net)                                                                     | 38     |             |            |            | NA          |        |                 |
| CSR_MCYCLE_31__reg_p_D_MUX2X0P5H7L_Y_S0_AND3X1P4H7L_C_Y_ICGX0P5H7L_E:CK (ICGX0P5H7L)  |        | 0.002       | 0.000      | 0.000      |             | 0.000  | 0.000r          |
| CSR_MCYCLE_31__reg_p_D_MUX2X0P5H7L_Y_S0_AND3X1P4H7L_C_Y_ICGX0P5H7L_E:ECK (ICGX0P5H7L) |        | 0.022       | 0.000      | 0.000      |             | 0.000  | 0.000r          |
| CSR_MCYCLEH_0__reg_p_CK (clock net)                                                   | 32     |             |            |            | NA          |        |                 |
| CSR_MCYCLEH_27__reg_p:CK (DFFQX1H7L)                                                  |        | 0.001       | 0.000      | 0.000      |             | 0.000  | 0.000r          |
| clock core_clock (rise edge)                                                          |        |             |            |            |             | 0      | 0               |
| clock network delay (ideal)                                                           |        |             |            |            |             | 0.000  | 0.000           |
| CSR_MCYCLEH_27__reg_p:CK (DFFQX1H7L)                                                  |        | 0.001       | 0.000      | 0.000      |             | 0.000  | 0.000r          |
| CSR_MCYCLEH_27__reg_p:Q (DFFQX1H7L)                                                   |        | 0.002       | 0.000      | 0.055      |             | 0.121  | 0.121f          |
| CSR_MCYCLEH_27_ (net)                                                                 | 4      |             |            |            | 0.000       |        |                 |
| CSR_MCYCLEH_27__reg_p_D_AOI21X1P4H7L_Y_A0_OAI31X0P5H7L_Y:B0 (OAI31X0P5H7L)            |        | 0.001       | 0.000      | 0.055      |             | 0.000  | 0.121f          |
| CSR_MCYCLEH_27__reg_p_D_AOI21X1P4H7L_Y_A0_OAI31X0P5H7L_Y:Y (OAI31X0P5H7L)             |        | 0.001       | 0.000      | 0.037      |             | 0.042  | 0.163r          |
| CSR_MCYCLEH_27__reg_p_D_AOI21X1P4H7L_Y_A0 (net)                                       | 1      |             |            |            | 0.000       |        |                 |
| CSR_MCYCLEH_27__reg_p_D_AOI21X1P4H7L_Y:A0 (AOI21X1P4H7L)                              |        | 0.001       | 0.000      | 0.037      |             | 0.000  | 0.163r          |
| CSR_MCYCLEH_27__reg_p_D_AOI21X1P4H7L_Y:Y (AOI21X1P4H7L)                               |        | 0.001       | 0.000      | 0.033      |             | 0.039  | 0.202f          |
| CSR_MCYCLEH_27__reg_p_D (net)                                                         | 1      |             |            |            | 0.000       |        |                 |
| CSR_MCYCLEH_27__reg_p:D (DFFQX1H7L)                                                   |        | 0.001       | 0.000      | 0.033      |             | 0.000  | 0.202f          |
|                                                                                       |        |             |            |            |             |        |                 |
| clock (port)                                                                          |        | 0.060       | 0.000      | 0.000      |             | 0.000  | 0.000r          |
| clock (clock net)                                                                     | 38     |             |            |            | NA          |        |                 |
| CSR_MCYCLE_31__reg_p_D_MUX2X0P5H7L_Y_S0_AND3X1P4H7L_C_Y_ICGX0P5H7L_E:CK (ICGX0P5H7L)  |        | 0.002       | 0.000      | 0.000      |             | 0.000  | 0.000r          |
| CSR_MCYCLE_31__reg_p_D_MUX2X0P5H7L_Y_S0_AND3X1P4H7L_C_Y_ICGX0P5H7L_E:ECK (ICGX0P5H7L) |        | 0.029       | 0.000      | 0.000      |             | 0.000  | 0.000r          |
| CSR_MCYCLEH_0__reg_p_CK (clock net)                                                   | 32     |             |            |            | NA          |        |                 |
| CSR_MCYCLEH_27__reg_p:CK (DFFQX1H7L)                                                  |        | 0.001       | 0.000      | 0.000      |             | 0.000  | 0.000r          |
| clock core_clock (rise edge)                                                          |        |             |            |            |             | 0      | 0               |
| clock network delay (ideal)                                                           |        |             |            |            |             | 0.000  | 0.000           |
| CSR_MCYCLEH_27__reg_p:CK (DFFQX1H7L)                                                  |        |             |            |            |             |        | 0.000r          |
| library hold time                                                                     |        |             |            |            |             | -0.013 | -0.013          |
| clock reconvergence pessimism                                                         |        |             |            |            |             | -0.000 | -0.013          |
|                                                                                       |        |             |            |            |             |        |                 |
| path cell delay                                                                       |        |             |            |            |             |        | 0.202(100.000%) |
| path net delay                                                                        |        |             |            |            |             |        | 0.000(0.000%)   |
|                                                                                       |        |             |            |            |             |        |                 |
| data require time                                                                     |        |             |            |            |             |        | -0.013          |
| data arrival time                                                                     |        |             |            |            |             |        | 0.202           |
| slack (MET)                                                                           |        |             |            |            |             |        | 0.215           |
+---------------------------------------------------------------------------------------+--------+-------------+------------+------------+-------------+--------+-----------------+
+--------------------------------------------------------------------------------------+--------+-------------+------------+------------+-------------+--------+-----------------+
| Point                                                                                | Fanout | Capacitance | Resistance | Transition | Delta Delay | Incr   | Path            |
+--------------------------------------------------------------------------------------+--------+-------------+------------+------------+-------------+--------+-----------------+
| clock (port)                                                                         |        | 0.042       | 0.000      | 0.000      |             | 0.000  | 0.000r          |
| clock (clock net)                                                                    | 38     |             |            |            | NA          |        |                 |
| bus_valid_ICGX0P5H7L_E:CK (ICGX0P5H7L)                                               |        | 0.002       | 0.000      | 0.000      |             | 0.000  | 0.000r          |
| bus_valid_ICGX0P5H7L_E:ECK (ICGX0P5H7L)                                              |        | 0.022       | 0.000      | 0.000      |             | 0.000  | 0.000r          |
| CSR_MCYCLE_0__reg_p_CK (clock net)                                                   | 32     |             |            |            | NA          |        |                 |
| CSR_MCYCLE_31__reg_p:CK (DFFQX1H7L)                                                  |        | 0.001       | 0.000      | 0.000      |             | 0.000  | 0.000r          |
| clock core_clock (rise edge)                                                         |        |             |            |            |             | 0      | 0               |
| clock network delay (ideal)                                                          |        |             |            |            |             | 0.000  | 0.000           |
| CSR_MCYCLE_31__reg_p:CK (DFFQX1H7L)                                                  |        | 0.001       | 0.000      | 0.000      |             | 0.000  | 0.000r          |
| CSR_MCYCLE_31__reg_p:Q (DFFQX1H7L)                                                   |        | 0.002       | 0.000      | 0.056      |             | 0.123  | 0.123f          |
| CSR_MCYCLE_31_ (net)                                                                 | 4      |             |            |            | 0.000       |        |                 |
| CSR_MCYCLE_31__reg_p_D_MUX2X0P5H7L_Y_S0_AND3X1P4H7L_C:A (AND3X1P4H7L)                |        | 0.001       | 0.000      | 0.056      |             | 0.000  | 0.123f          |
| CSR_MCYCLE_31__reg_p_D_MUX2X0P5H7L_Y_S0_AND3X1P4H7L_C:Y (AND3X1P4H7L)                |        | 0.001       | 0.000      | 0.027      |             | 0.089  | 0.211f          |
| CSR_MCYCLE_31__reg_p_D_MUX2X0P5H7L_Y_S0_AND3X1P4H7L_C_Y (net)                        | 1      |             |            |            | 0.000       |        |                 |
| CSR_MCYCLE_31__reg_p_D_MUX2X0P5H7L_Y_S0_AND3X1P4H7L_C_Y_ICGX0P5H7L_E:E (ICGX0P5H7L)  |        | 0.001       | 0.000      | 0.027      |             | 0.000  | 0.211f          |
|                                                                                      |        |             |            |            |             |        |                 |
| clock (port)                                                                         |        | 0.060       | 0.000      | 0.000      |             | 0.000  | 0.000r          |
| clock (clock net)                                                                    | 38     |             |            |            | NA          |        |                 |
| CSR_MCYCLE_31__reg_p_D_MUX2X0P5H7L_Y_S0_AND3X1P4H7L_C_Y_ICGX0P5H7L_E:CK (ICGX0P5H7L) |        | 0.002       | 0.000      | 0.000      |             | 0.000  | 0.000r          |
| clock core_clock (rise edge)                                                         |        |             |            |            |             | 0      | 0               |
| clock network delay (ideal)                                                          |        |             |            |            |             | 0.000  | 0.000           |
| CSR_MCYCLE_31__reg_p_D_MUX2X0P5H7L_Y_S0_AND3X1P4H7L_C_Y_ICGX0P5H7L_E:CK (ICGX0P5H7L) |        |             |            |            |             |        | 0.000r          |
| library hold time                                                                    |        |             |            |            |             | -0.005 | -0.005          |
| clock reconvergence pessimism                                                        |        |             |            |            |             | -0.000 | -0.005          |
|                                                                                      |        |             |            |            |             |        |                 |
| path cell delay                                                                      |        |             |            |            |             |        | 0.211(100.000%) |
| path net delay                                                                       |        |             |            |            |             |        | 0.000(0.000%)   |
|                                                                                      |        |             |            |            |             |        |                 |
| data require time                                                                    |        |             |            |            |             |        | -0.005          |
| data arrival time                                                                    |        |             |            |            |             |        | 0.211           |
| slack (MET)                                                                          |        |             |            |            |             |        | 0.217           |
+--------------------------------------------------------------------------------------+--------+-------------+------------+------------+-------------+--------+-----------------+
+--------------------------------------------------------------------------------------+--------+-------------+------------+------------+-------------+--------+-----------------+
| Point                                                                                | Fanout | Capacitance | Resistance | Transition | Delta Delay | Incr   | Path            |
+--------------------------------------------------------------------------------------+--------+-------------+------------+------------+-------------+--------+-----------------+
| clock (port)                                                                         |        | 0.042       | 0.000      | 0.000      |             | 0.000  | 0.000r          |
| clock (clock net)                                                                    | 38     |             |            |            | NA          |        |                 |
| bus_valid_ICGX0P5H7L_E:CK (ICGX0P5H7L)                                               |        | 0.002       | 0.000      | 0.000      |             | 0.000  | 0.000r          |
| bus_valid_ICGX0P5H7L_E:ECK (ICGX0P5H7L)                                              |        | 0.022       | 0.000      | 0.000      |             | 0.000  | 0.000r          |
| CSR_MCYCLE_0__reg_p_CK (clock net)                                                   | 32     |             |            |            | NA          |        |                 |
| CSR_MCYCLE_31__reg_p:CK (DFFQX1H7L)                                                  |        | 0.001       | 0.000      | 0.000      |             | 0.000  | 0.000r          |
| clock core_clock (rise edge)                                                         |        |             |            |            |             | 0      | 0               |
| clock network delay (ideal)                                                          |        |             |            |            |             | 0.000  | 0.000           |
| CSR_MCYCLE_31__reg_p:CK (DFFQX1H7L)                                                  |        | 0.001       | 0.000      | 0.000      |             | 0.000  | 0.000r          |
| CSR_MCYCLE_31__reg_p:Q (DFFQX1H7L)                                                   |        | 0.002       | 0.000      | 0.056      |             | 0.156  | 0.156r          |
| CSR_MCYCLE_31_ (net)                                                                 | 4      |             |            |            | 0.000       |        |                 |
| CSR_MCYCLE_31__reg_p_D_MUX2X0P5H7L_Y_S0_AND3X1P4H7L_C:A (AND3X1P4H7L)                |        | 0.001       | 0.000      | 0.056      |             | 0.000  | 0.156r          |
| CSR_MCYCLE_31__reg_p_D_MUX2X0P5H7L_Y_S0_AND3X1P4H7L_C:Y (AND3X1P4H7L)                |        | 0.001       | 0.000      | 0.040      |             | 0.108  | 0.264r          |
| CSR_MCYCLE_31__reg_p_D_MUX2X0P5H7L_Y_S0_AND3X1P4H7L_C_Y (net)                        | 1      |             |            |            | 0.000       |        |                 |
| CSR_MCYCLE_31__reg_p_D_MUX2X0P5H7L_Y_S0_AND3X1P4H7L_C_Y_ICGX0P5H7L_E:E (ICGX0P5H7L)  |        | 0.001       | 0.000      | 0.040      |             | 0.000  | 0.264r          |
|                                                                                      |        |             |            |            |             |        |                 |
| clock (port)                                                                         |        | 0.060       | 0.000      | 0.000      |             | 0.000  | 0.000r          |
| clock (clock net)                                                                    | 38     |             |            |            | NA          |        |                 |
| CSR_MCYCLE_31__reg_p_D_MUX2X0P5H7L_Y_S0_AND3X1P4H7L_C_Y_ICGX0P5H7L_E:CK (ICGX0P5H7L) |        | 0.002       | 0.000      | 0.000      |             | 0.000  | 0.000r          |
| clock core_clock (rise edge)                                                         |        |             |            |            |             | 0      | 0               |
| clock network delay (ideal)                                                          |        |             |            |            |             | 0.000  | 0.000           |
| CSR_MCYCLE_31__reg_p_D_MUX2X0P5H7L_Y_S0_AND3X1P4H7L_C_Y_ICGX0P5H7L_E:CK (ICGX0P5H7L) |        |             |            |            |             |        | 0.000r          |
| library hold time                                                                    |        |             |            |            |             | -0.035 | -0.035          |
| clock reconvergence pessimism                                                        |        |             |            |            |             | -0.000 | -0.035          |
|                                                                                      |        |             |            |            |             |        |                 |
| path cell delay                                                                      |        |             |            |            |             |        | 0.264(100.000%) |
| path net delay                                                                       |        |             |            |            |             |        | 0.000(0.000%)   |
|                                                                                      |        |             |            |            |             |        |                 |
| data require time                                                                    |        |             |            |            |             |        | -0.035          |
| data arrival time                                                                    |        |             |            |            |             |        | 0.264           |
| slack (MET)                                                                          |        |             |            |            |             |        | 0.298           |
+--------------------------------------------------------------------------------------+--------+-------------+------------+------------+-------------+--------+-----------------+
